iso_code,country,region,happiness_score,gdp_per_capita,social_support,healthy_life_expectancy,freedom_to_make_life_choices,generosity,perceptions_of_corruption,well_being_index
AE,United Arab Emirates,Middle East and North Africa,0.8059,1.6412,0.6639,0.6013,0.8375,0.3059,0.4652,0.9125
AF,Afghanistan,South Asia,0.2013,0.4288,0.2162,0.1949,0.1847,0.2339,0.0679,0.2434
AL,Albania,Central and Eastern Europe,0.5071,1.0551,0.435,0.6439,0.5539,0.1902,0.0612,0.6535
AM,Armenia,Central and Eastern Europe,0.4817,0.9889,0.538,0.5784,0.443,0.0913,0.1628,0.6212
AO,Angola,Sub-Saharan Africa,0.3365,0.7984,0.5551,0.113,0.0959,0.1235,0.1207,0.3564
AR,Argentina,Latin America and Caribbean,0.7328,1.2142,0.7689,0.6203,0.6616,0.1,0.1154,0.8326
AT,Austria,Western Europe,0.8877,1.5177,0.7947,0.73,0.7727,0.3055,0.4314,0.9675
AU,Australia,North America and ANZ,0.8972,1.5041,0.825,0.7486,0.8113,0.4224,0.5439,0.9902
AZ,Azerbaijan,Central and Eastern Europe,0.5596,1.1052,0.6155,0.5379,0.563,0.0502,0.3703,0.6932
BA,Bosnia and Herz.,Central and Eastern Europe,0.5937,1.0549,0.6272,0.6148,0.3574,0.3127,0.0067,0.6667
BD,Bangladesh,South Asia,0.4729,0.6671,0.3633,0.4953,0.6939,0.1965,0.2554,0.5806
BE,Belgium,Western Europe,0.8401,1.4944,0.7858,0.721,0.6833,0.1924,0.3894,0.9261
BF,Burkina Faso,Sub-Saharan Africa,0.4187,0.4208,0.486,0.2156,0.4454,0.2377,0.2076,0.4376
BG,Bulgaria,Central and Eastern Europe,0.5119,1.2134,0.7782,0.5909,0.5013,0.1256,0.0152,0.7321
BH,Bahrain,Middle East and North Africa,0.7342,1.4883,0.7151,0.596,0.7621,0.2564,0.3042,0.8698
BI,Burundi,Sub-Saharan Africa,0.2371,0.0624,0.2174,0.1849,0.1937,0.2179,0.2323,0.2136
BJ,Benin,Sub-Saharan Africa,0.4092,0.5126,0.1333,0.226,0.5608,0.2015,0.2154,0.3889
BO,Bolivia,Latin America and Caribbean,0.6515,0.8784,0.6267,0.4579,0.7478,0.186,0.1132,0.7193
BR,Brazil,Latin America and Caribbean,0.7741,1.1181,0.7493,0.5572,0.6183,0.1585,0.2064,0.8004
BT,Bhutan,South Asia,0.5458,0.8235,0.7211,0.4704,0.643,0.5176,0.2809,0.6872
BW,Botswana,Sub-Saharan Africa,0.3022,1.1487,0.6082,0.2782,0.6525,0.0625,0.1665,0.5894
BY,Belarus,Central and Eastern Europe,0.627,1.1412,0.7706,0.5935,0.3947,0.1172,0.3168,0.7248
BZ,Belize,Latin America and Caribbean,0.6848,0.8637,0.5664,0.4002,0.7115,0.2607,0.1654,0.6874
CA,Canada,North America and ANZ,0.8978,1.4951,0.8103,0.7434,0.8135,0.3844,0.5574,0.9849
CD,Dem. Rep. Congo,Sub-Saharan Africa,0.3877,0.1509,0.5863,0.1739,0.3538,0.2703,0.1087,0.3909
CF,Central African Rep.,Sub-Saharan Africa,0.2246,0.0424,0.3725,0.0393,0.4054,0.2908,0.0807,0.1704
CG,Congo,Sub-Saharan Africa,0.5375,0.95,0.2188,0.3078,0.5549,0.1531,0.2477,0.5113
CG,Congo (Brazzaville),Sub-Saharan Africa,0.4767,0.7108,0.3888,0.2862,0.5383,0.1407,0.1783,0.5018
CH,Switzerland,Western Europe,0.9417,1.5962,0.827,0.7684,0.8248,0.2844,0.6915,1.0207
CI,Ivory Coast,Sub-Saharan Africa,0.4729,0.6808,0.3954,0.1131,0.5572,0.2023,0.2067,0.4605
CL,Chile,Latin America and Caribbean,0.7637,1.2733,0.7164,0.6851,0.55,0.2541,0.1351,0.8222
CM,Cameroon,Sub-Saharan Africa,0.5013,0.6195,0.472,0.1782,0.551,0.2286,0.0926,0.4945
CN,China,East Asia,0.58,1.1207,0.6144,0.6499,0.7331,0.0818,0.1507,0.7703
CO,Colombia,Latin America and Caribbean,0.716,1.0916,0.7239,0.5812,0.6665,0.1367,0.0893,0.7946
CR,Costa Rica,Latin America and Caribbean,0.8595,1.1627,0.7558,0.6869,0.8072,0.1845,0.1697,0.9081
CY,Cyprus,Western Europe,0.6762,1.3723,0.6315,0.7754,0.541,0.2424,0.1182,0.8107
CZ,Czechia,Central and Eastern Europe,0.8205,1.3959,0.7988,0.6729,0.6896,0.1064,0.0682,0.9028
DE,Germany,Western Europe,0.8556,1.5127,0.7795,0.719,0.7407,0.2926,0.5036,0.9444
DJ,Djibouti,Sub-Saharan Africa,0.4195,0.4402,0.3367,0.3147,0.5937,0.214,0.4781,0.4646
DK,Denmark,Western Europe,0.9562,1.5238,0.849,0.7175,0.8529,0.322,0.7917,1.0158
DO,Dominican Rep.,Latin America and Caribbean,0.5907,1.1292,0.7235,0.5272,0.7319,0.1611,0.23,0.7703
DZ,Algeria,Middle East and North Africa,0.5934,1.0745,0.6323,0.5504,0.2089,0.1023,0.2415,0.617
EC,Ecuador,Latin America and Caribbean,0.6687,1.0136,0.6546,0.6243,0.665,0.1288,0.1899,0.7669
EE,Estonia,Central and Eastern Europe,0.6772,1.3685,0.8116,0.6278,0.7212,0.1277,0.3824,0.8636
EG,Egypt,Middle East and North Africa,0.4093,1.0242,0.4987,0.4601,0.4205,0.0978,0.216,0.5621
ES,Spain,Western Europe,0.7583,1.4117,0.8166,0.7782,0.5696,0.1765,0.1671,0.8898
ET,Ethiopia,Sub-Saharan Africa,0.4119,0.4148,0.4842,0.3459,0.5424,0.2949,0.2265,0.4916
FI,Finland,Western Europe,0.97,1.4773,0.8476,0.7174,0.858,0.2112,0.7606,1.0149
FR,France,Western Europe,0.7902,1.4587,0.7889,0.7573,0.6654,0.1227,0.3615,0.9149
GA,Gabon,Sub-Saharan Africa,0.464,1.1591,0.5732,0.3453,0.4341,0.0544,0.1328,0.5845
GB,United Kingdom,Western Europe,0.8503,1.4564,0.7949,0.7195,0.6953,0.4492,0.4758,0.9292
GE,Georgia,Central and Eastern Europe,0.457,1.0101,0.3254,0.54,0.5407,0.0554,0.3961,0.5791
GH,Ghana,Sub-Saharan Africa,0.4766,0.724,0.4344,0.3026,0.5951,0.2803,0.0699,0.5329
GM,Gambia,Sub-Saharan Africa,0.4836,0.4956,0.4133,0.2653,0.4681,0.4473,0.1979,0.4623
GN,Guinea,Sub-Saharan Africa,0.4166,0.4299,0.3614,0.2001,0.4593,0.2847,0.183,0.4066
GR,Greece,Western Europe,0.597,1.3155,0.6282,0.7211,0.187,0.0114,0.0942,0.6815
GT,Guatemala,Latin America and Caribbean,0.7472,0.9103,0.6423,0.4977,0.7603,0.2305,0.1488,0.7639
HK,Hong Kong S.A.R. of China,East Asia,0.599,1.5668,0.6638,0.8499,0.6024,0.3251,0.5686,0.8556
HN,Honduras,Latin America and Caribbean,0.6201,0.7567,0.6097,0.5424,0.6195,0.2637,0.1257,0.6824
HR,Croatia,Central and Eastern Europe,0.6351,1.2837,0.6491,0.6442,0.4708,0.15,0.0434,0.7444
HT,Haiti,Latin America and Caribbean,0.3259,0.3133,0.3148,0.2819,0.155,0.539,0.2255,0.3034
HU,Hungary,Central and Eastern Europe,0.6321,1.332,0.7723,0.6026,0.4244,0.0997,0.0645,0.7579
ID,Indonesia,Southeast Asia,0.5697,1.0241,0.6394,0.4553,0.6856,0.6153,0.0485,0.7024
IE,Ireland,Western Europe,0.8584,1.6304,0.8307,0.7233,0.7665,0.3765,0.5779,0.9788
IL,Israel,Middle East and North Africa,0.8933,1.4189,0.7921,0.7491,0.5948,0.3104,0.2117,0.9173
IN,India,South Asia,0.3708,0.8279,0.3103,0.4003,0.6947,0.26,0.1669,0.5366
IQ,Iraq,Middle East and North Africa,0.4723,1.0753,0.4976,0.4367,0.3752,0.1913,0.1433,0.5663
IR,Iran,Middle East and North Africa,0.4805,1.153,0.4219,0.5645,0.3806,0.3674,0.1843,0.5915
IS,Iceland,Western Europe,0.9466,1.5115,0.8828,0.7509,0.8489,0.4323,0.2627,1.0278
IT,Italy,Western Europe,0.7266,1.4283,0.7605,0.7608,0.394,0.1768,0.0649,0.8215
JM,Jamaica,Latin America and Caribbean,0.6561,0.95,0.7459,0.5716,0.6892,0.1632,0.0625,0.7722
JO,Jordan,Middle East and North Africa,0.4915,0.9822,0.6061,0.5668,0.5593,0.1238,0.2516,0.6661
JP,Japan,East Asia,0.6848,1.4449,0.7622,0.8068,0.6536,0.0706,0.3062,0.8898
KE,Kenya,Sub-Saharan Africa,0.4408,0.6239,0.507,0.3447,0.5834,0.4414,0.1076,0.5384
KG,Kyrgyzstan,Commonwealth of Independent States,0.5957,0.6689,0.749,0.515,0.7255,0.3569,0.0518,0.7208
KH,Cambodia,Southeast Asia,0.4273,0.6592,0.5161,0.4219,0.8733,0.3254,0.1126,0.633
KM,Comoros,Sub-Saharan Africa,0.3726,0.5007,0.3279,0.3126,0.218,0.2463,0.2258,0.3631
KR,South Korea,East Asia,0.6741,1.4361,0.6077,0.779,0.3864,0.1914,0.1682,0.7737
KW,Kuwait,Middle East and North Africa,0.7142,1.571,0.6734,0.6093,0.6952,0.1769,0.276,0.8503
KZ,Kazakhstan,Commonwealth of Independent States,0.688,1.293,0.7868,0.5244,0.6458,0.1745,0.2034,0.8069
LA,Laos,Southeast Asia,0.5112,0.8436,0.4713,0.3778,0.7983,0.3372,0.3236,0.6341
LB,Lebanon,Middle East and North Africa,0.4405,1.1021,0.5245,0.6164,0.3107,0.2025,0.0716,0.5969
LK,Sri Lanka,South Asia,0.4213,1.0456,0.6555,0.5751,0.691,0.354,0.1134,0.7032
LR,Liberia,Sub-Saharan Africa,0.3865,0.2347,0.437,0.2504,0.482,0.268,0.088,0.414
LS,Lesotho,Sub-Saharan Africa,0.3338,0.5146,0.6194,0.071,0.5002,0.1388,0.1284,0.438
LT,Lithuania,Central and Eastern Europe,0.7168,1.3691,0.8076,0.5861,0.4502,0.0438,0.076,0.7945
LU,Luxembourg,Western Europe,0.8755,1.765,0.7774,0.7391,0.8014,0.2448,0.6077,0.9977
LV,Latvia,Central and Eastern Europe,0.669,1.3136,0.7731,0.5717,0.4775,0.1327,0.1306,0.7708
LY,Libya,Middle East and North Africa,0.613,1.1089,0.6759,0.5048,0.5802,0.1673,0.2399,0.7181
MA,Morocco,Middle East and North Africa,0.5405,0.892,0.3171,0.5292,0.5606,0.0393,0.1426,0.5868
MD,Moldova,Central and Eastern Europe,0.6521,0.8769,0.6754,0.5154,0.4846,0.1938,0.028,0.6801
ME,Montenegro,Central and Eastern Europe,0.5966,1.1686,0.6703,0.6005,0.3851,0.1842,0.1572,0.6945
MG,Madagascar,Sub-Saharan Africa,0.3478,0.3491,0.427,0.3443,0.2354,0.2186,0.1436,0.3766
MK,Macedonia,Central and Eastern Europe,0.5524,1.1056,0.63,0.5763,0.5056,0.2488,0.0683,0.6904
ML,Mali,Sub-Saharan Africa,0.4177,0.4555,0.538,0.1674,0.4589,0.1912,0.1328,0.4457
MM,Myanmar,Southeast Asia,0.4213,0.6428,0.5696,0.3727,0.6679,0.7364,0.318,0.5794
MN,Mongolia,East Asia,0.5785,1.0388,0.8144,0.4576,0.4967,0.3321,0.0704,0.7034
MR,Mauritania,Sub-Saharan Africa,0.4183,0.6942,0.5859,0.2988,0.2371,0.1775,0.2375,0.4624
MT,Malta,Western Europe,0.7811,1.419,0.809,0.7242,0.8043,0.4489,0.2693,0.9396
MU,Mauritius,Sub-Saharan Africa,0.6672,1.2203,0.7082,0.5561,0.7086,0.2847,0.1268,0.7973
MV,Maldives,South Asia,0.5581,1.0264,0.7255,0.7048,0.7254,0.2537,0.1222,0.7936
MW,Malawi,Sub-Saharan Africa,0.3169,0.2542,0.2176,0.2844,0.605,0.2716,0.1765,0.3832
MX,Mexico,Latin America and Caribbean,0.7825,1.1832,0.6308,0.6151,0.6559,0.1139,0.207,0.8042
MY,Malaysia,Southeast Asia,0.6552,1.3145,0.645,0.567,0.677,0.3582,0.1348,0.7841
MZ,Mozambique,Sub-Saharan Africa,0.4795,0.2786,0.5088,0.1803,0.683,0.2581,0.2864,0.4929
NE,Niger,Sub-Saharan Africa,0.4323,0.226,0.4052,0.2244,0.5712,0.2265,0.235,0.4323
NG,Nigeria,Sub-Saharan Africa,0.5186,0.7809,0.5518,0.1098,0.5239,0.2549,0.0569,0.5133
NI,Nicaragua,Latin America and Caribbean,0.7046,0.7682,0.6965,0.5815,0.6914,0.2654,0.2871,0.7543
NL,Netherlands,Western Europe,0.929,1.5313,0.8031,0.7245,0.7946,0.4277,0.5784,0.9856
NO,Norway,Western Europe,0.9385,1.6172,0.8404,0.7277,0.8688,0.3446,0.6654,1.0264
NP,Nepal,South Asia,0.5288,0.5648,0.5805,0.4584,0.6033,0.3598,0.1627,0.6054
NZ,New Zealand,North America and ANZ,0.905,1.436,0.8433,0.7306,0.8266,0.4283,0.7303,0.9883
OM,Oman,Middle East and North Africa,0.8347,1.3601,0.6455,0.6669,0.8182,0.2553,0.5534,0.8946
PA,Panama,Latin America and Caribbean,0.7618,1.2851,0.7552,0.6419,0.7309,0.1599,0.1046,0.8671
PE,Peru,Latin America and Caribbean,0.6432,1.0574,0.6352,0.6018,0.6258,0.1224,0.0636,0.7453
PH,Philippines,Southeast Asia,0.6225,0.899,0.6546,0.4372,0.8081,0.1787,0.2054,0.7313
PK,Pakistan,South Asia,0.5513,0.747,0.3424,0.3477,0.4175,0.2904,0.1905,0.4981
PL,Poland,Central and Eastern Europe,0.704,1.3387,0.776,0.637,0.6714,0.1415,0.1578,0.8479
PR,Puerto Rico,Latin America and Caribbean,0.8658,1.3594,0.6451,0.6799,0.6035,0.2632,0.208,0.8517
PS,Palestine,Middle East and North Africa,0.4672,0.7082,0.6122,0.5056,0.3403,0.1133,0.1462,0.5603
PT,Portugal,Western Europe,0.6243,1.3522,0.7356,0.7193,0.7304,0.0747,0.0404,0.8548
PY,Paraguay,Latin America and Caribbean,0.6363,0.9993,0.7912,0.5349,0.7212,0.2494,0.117,0.783
QA,Qatar,Middle East and North Africa,0.7626,1.7437,0.701,0.6721,0.7808,0.3459,0.6059,0.9261
RO,Romania,Central and Eastern Europe,0.6888,1.2832,0.6309,0.5966,0.6449,0.0996,0.0054,0.7848
RS,Serbia,Central and Eastern Europe,0.6341,1.1327,0.7,0.5948,0.4531,0.2229,0.0909,0.7228
RU,Russia,Central and Eastern Europe,0.6389,1.3021,0.7717,0.5113,0.494,0.0902,0.0804,0.7506
RW,Rwanda,Sub-Saharan Africa,0.2573,0.3878,0.3418,0.3836,0.769,0.2639,0.8281,0.4804
SA,Saudi Arabia,Middle East and North Africa,0.7621,1.522,0.709,0.5421,0.6554,0.126,0.3462,0.8389
SD,Sudan,Sub-Saharan Africa,0.3983,0.6041,0.6392,0.2746,0.0497,0.2032,0.1772,0.4075
SE,Sweden,Western Europe,0.9167,1.5179,0.8078,0.7397,0.8482,0.3488,0.7397,0.9993
SG,Singapore,Southeast Asia,0.7763,1.7214,0.7376,0.8331,0.7753,0.2958,0.8638,0.975
SI,Slovenia,Central and Eastern Europe,0.7208,1.3885,0.8151,0.7017,0.8101,0.2085,0.1155,0.9184
SK,Slovakia,Central and Eastern Europe,0.7295,1.3551,0.8157,0.6359,0.4854,0.1508,0.035,0.8193
SL,Sierra Leone,Sub-Saharan Africa,0.3817,0.3848,0.405,0.144,0.4631,0.281,0.1009,0.387
SN,Senegal,Sub-Saharan Africa,0.469,0.5627,0.5204,0.3676,0.5,0.1945,0.151,0.5267
SO,Somalia,Sub-Saharan Africa,0.535,0.1223,0.3524,0.1298,0.7764,0.31,0.4874,0.4606
SR,Suriname,Latin America and Caribbean,0.7371,1.0461,0.5154,0.4872,0.7226,0.1988,0.2232,0.733
SS,S. Sudan,Sub-Saharan Africa,0.2357,0.3447,0.2816,0.1716,0.131,0.28,0.188,0.2425
SV,El Salvador,Latin America and Caribbean,0.7157,0.9206,0.6028,0.5436,0.662,0.1086,0.2224,0.7342
SY,Syria,Middle East and North Africa,0.2395,0.6991,0.1879,0.4938,0.0989,0.5135,0.2708,0.333
SZ,Eswatini,Sub-Saharan Africa,0.4277,0.8947,0.5644,0.1189,0.3843,0.1002,0.2079,0.4741
TD,Chad,Sub-Saharan Africa,0.3846,0.4168,0.4244,0.0888,0.2722,0.2406,0.1177,0.3383
TG,Togo,Sub-Saharan Africa,0.3256,0.3769,0.2289,0.2407,0.4376,0.2111,0.1871,0.3494
TH,Thailand,Southeast Asia,0.7135,1.1571,0.7555,0.5938,0.7592,0.5056,0.0455,0.8356
TJ,Tajikistan,Commonwealth of Independent States,0.5662,0.5879,0.6299,0.4783,0.6158,0.2252,0.3161,0.6378
TM,Turkmenistan,Commonwealth of Independent States,0.5996,1.097,0.817,0.4529,0.6198,0.3103,0.2152,0.7456
TN,Tunisia,Middle East and North Africa,0.4627,1.0182,0.438,0.5726,0.3361,0.0529,0.0901,0.5666
TR,Turkey,Middle East and North Africa,0.5531,1.2848,0.6584,0.5872,0.2985,0.1,0.1941,0.669
TT,Trinidad and Tobago,Latin America and Caribbean,0.7222,1.2534,0.7963,0.523,0.6839,0.3003,0.0222,0.8225
TW,Taiwan,East Asia,0.7677,1.4944,0.7382,0.6805,0.5572,0.2095,0.1887,0.8545
TZ,Tanzania,Sub-Saharan Africa,0.2803,0.5303,0.4884,0.3244,0.5982,0.3457,0.2625,0.4815
UA,Ukraine,Central and Eastern Europe,0.4531,0.9676,0.7431,0.5174,0.37,0.2386,0.026,0.6294
UG,Uganda,Sub-Saharan Africa,0.3988,0.4258,0.6024,0.2564,0.539,0.3098,0.1028,0.4959
US,United States of America,North America and ANZ,0.8547,1.5721,0.7845,0.6389,0.6818,0.3638,0.2563,0.9174
UY,Uruguay,Latin America and Caribbean,0.7663,1.2383,0.7809,0.6339,0.7816,0.1717,0.3546,0.8801
UZ,Uzbekistan,Commonwealth of Independent States,0.706,0.8367,0.8091,0.5018,0.8836,0.3877,0.4414,0.8187
VN,Vietnam,Southeast Asia,0.5767,0.8615,0.6613,0.5862,0.8138,0.1991,0.163,0.756
VZ,Venezuela,Latin America and Caribbean,0.5759,0.9835,0.7402,0.5508,0.3224,0.1147,0.1235,0.6577
XK,Kosovo,Central and Eastern Europe,0.6838,0.9894,0.6137,0.4986,0.5691,0.3543,0.0558,0.7023
YE,Yemen,Middle East and North Africa,0.3058,0.4824,0.545,0.3142,0.3288,0.1115,0.1286,0.4267
ZA,South Africa,Sub-Saharan Africa,0.4993,1.0678,0.7313,0.2526,0.5621,0.1409,0.0994,0.6313
ZM,Zambia,Sub-Saharan Africa,0.4042,0.6408,0.4943,0.2407,0.6245,0.2583,0.1522,0.5122
ZW,Zimbabwe,Sub-Saharan Africa,0.2961,0.4786,0.5453,0.223,0.4339,0.1801,0.1555,0.4274
